EmailAddress,Username,Password,Country,Gender,Birthdate
laura.ali47@yahoo.com,lauraali725,admin123,France,Female,1981-06-15
aiden.kowalski16@yahoo.com,aidenkowalski256,admin123,Iraq,Female,2008-05-12
mohamed.singh34@protonmail.com,mohamedsingh433,admin123,South Korea,Male,1965-12-11
aiden.tanaka24@yahoo.com,aidentanaka869,admin123,Switzerland,Male,1993-08-05
aiden.park43@icloud.com,aidenpark969,admin123,Bangladesh,Female,1997-03-25
aiden.jones77@yahoo.com,aidenjones637,admin123,Kenya,Male,2004-03-10
raj.reyes25@gmail.com,rajreyes244,admin123,Australia,Male,1991-11-01
jun.lee17@protonmail.com,junlee358,admin123,UAE,Male,1979-06-21
sofia.smith28@icloud.com,sofiasmith110,admin123,India,Male,2002-01-26
ivan.dubois86@gmail.com,ivandubois252,admin123,Pakistan,Male,1970-10-22
james.martin19@icloud.com,jamesmartin839,admin123,Iraq,Female,1963-11-27
mason.singh73@yahoo.com,masonsingh982,admin123,United Kingdom,Male,1999-08-24
ali.jones52@gmail.com,alijones55,admin123,Russia,Female,2008-03-07
mei.ali9@icloud.com,meiali823,admin123,Japan,Male,2004-01-05
mia.thomas17@icloud.com,miathomas775,admin123,Argentina,Male,1963-10-27
mei.park33@outlook.com,meipark118,admin123,Philippines,Male,1963-12-09
ali.park89@hotmail.com,alipark432,admin123,Norway,Male,1974-12-14
leila.kim48@icloud.com,leilakim778,admin123,Mexico,Male,2004-04-22
logan.walker67@outlook.com,loganwalker126,admin123,Germany,Female,1978-07-04
fatima.nkosi32@protonmail.com,fatimankosi789,admin123,Colombia,Female,1991-01-02
amara.jackson42@icloud.com,amarajackson908,admin123,France,Female,1964-08-08
zoe.moreno11@outlook.com,zoemoreno490,admin123,United Kingdom,Female,1988-11-22
zoe.reyes37@hotmail.com,zoereyes173,admin123,Czech Republic,Male,1975-07-02
jackson.white69@icloud.com,jacksonwhite811,admin123,Portugal,Male,1989-12-25
leila.davis31@outlook.com,leiladavis516,admin123,Spain,Female,1965-08-27
mia.walker14@protonmail.com,miawalker102,admin123,Sweden,Female,1993-02-27
nina.thomas44@yahoo.com,ninathomas802,admin123,Indonesia,Male,1986-10-26
sara.martin51@icloud.com,saramartin143,admin123,Romania,Female,1988-07-16
ali.lee15@hotmail.com,alilee351,admin123,Sweden,Female,2000-06-01
fatima.nkosi95@hotmail.com,fatimankosi176,admin123,Sweden,Male,1981-11-06
isabella.dubois47@hotmail.com,isabelladubois510,admin123,Japan,Female,2006-09-17
mia.wilson12@gmail.com,miawilson317,admin123,Philippines,Female,1987-06-27
lucas.williams54@hotmail.com,lucaswilliams28,admin123,Poland,Male,1993-01-21
amara.nkosi17@icloud.com,amarankosi102,admin123,United Kingdom,Female,1999-09-07
ava.taylor37@gmail.com,avataylor23,admin123,Ukraine,Male,1964-09-06
hannah.thompson64@hotmail.com,hannahthompson825,admin123,South Africa,Male,1988-09-20
logan.lopez1@outlook.com,loganlopez446,admin123,Brazil,Female,1976-12-22
ivan.nkosi21@icloud.com,ivannkosi738,admin123,Kenya,Female,2001-03-13
ethan.williams60@icloud.com,ethanwilliams925,admin123,Australia,Male,1969-01-10
isabella.johnson75@protonmail.com,isabellajohnson168,admin123,Iraq,Male,1978-10-06
sofia.white98@hotmail.com,sofiawhite820,admin123,Romania,Female,1971-09-22
wei.muller27@outlook.com,weimuller985,admin123,Australia,Male,2007-07-05
mateo.brown98@outlook.com,mateobrown654,admin123,Canada,Female,1967-01-24
emma.dubois78@yahoo.com,emmadubois875,admin123,Italy,Male,1994-07-21
sofia.garcia21@hotmail.com,sofiagarcia966,admin123,Sweden,Male,1995-07-28
oliver.dubois74@protonmail.com,oliverdubois401,admin123,Nigeria,Female,1972-12-21
fatima.chen80@gmail.com,fatimachen707,admin123,Thailand,Male,1996-07-10
carlos.wilson74@yahoo.com,carloswilson782,admin123,Nigeria,Male,1999-04-28
tariq.taylor1@yahoo.com,tariqtaylor618,admin123,China,Male,1994-11-14
jackson.davis60@hotmail.com,jacksondavis778,admin123,Czech Republic,Male,1968-06-12
logan.williams1@gmail.com,loganwilliams901,admin123,Czech Republic,Female,1970-08-03
ali.martinez38@yahoo.com,alimartinez403,admin123,Thailand,Male,1980-06-16
amara.kowalski26@gmail.com,amarakowalski891,admin123,Morocco,Male,1981-08-25
ivan.taylor80@outlook.com,ivantaylor270,admin123,Kenya,Male,1961-02-13
aiden.white96@outlook.com,aidenwhite932,admin123,South Africa,Male,2005-02-28
emma.martinez59@yahoo.com,emmamartinez652,admin123,Romania,Male,1993-10-19
chloe.ahmed45@outlook.com,chloeahmed639,admin123,India,Male,1964-05-12
tariq.walker98@gmail.com,tariqwalker896,admin123,Thailand,Male,2008-10-13
isabella.martinez76@icloud.com,isabellamartinez318,admin123,Germany,Female,1983-03-18
logan.ali24@yahoo.com,loganali575,admin123,Thailand,Female,1992-10-02
ethan.tanaka98@yahoo.com,ethantanaka812,admin123,United Kingdom,Female,1967-10-14
chloe.petrov45@icloud.com,chloepetrov695,admin123,Bangladesh,Female,1979-06-22
diego.williams8@outlook.com,diegowilliams869,admin123,Romania,Female,1983-05-15
raj.patel12@protonmail.com,rajpatel471,admin123,Argentina,Male,2006-06-22
priya.ahmed14@hotmail.com,priyaahmed695,admin123,Argentina,Female,1995-06-11
mia.jackson30@gmail.com,miajackson764,admin123,China,Female,1970-01-18
emma.ali54@gmail.com,emmaali498,admin123,Australia,Male,1981-12-20
mateo.diallo28@outlook.com,mateodiallo633,admin123,Netherlands,Male,1976-04-16
amara.lopez98@yahoo.com,amaralopez593,admin123,Germany,Female,1966-04-12
raj.ahmed52@yahoo.com,rajahmed823,admin123,UAE,Female,1997-05-07
ava.anderson36@outlook.com,avaanderson497,admin123,Vietnam,Female,1987-01-13
mason.taylor21@yahoo.com,masontaylor844,admin123,Japan,Male,2006-09-22
diego.lee49@outlook.com,diegolee461,admin123,Japan,Female,1973-07-12
ethan.kim7@hotmail.com,ethankim159,admin123,United States,Male,1961-11-07
sofia.tanaka97@outlook.com,sofiatanaka37,admin123,Norway,Female,1973-12-20
fatima.moreno57@protonmail.com,fatimamoreno169,admin123,Italy,Male,1990-04-01
liam.rossi65@hotmail.com,liamrossi307,admin123,Australia,Male,1983-04-17
jun.wilson34@yahoo.com,junwilson184,admin123,Brazil,Male,1972-12-13
jun.moreno8@yahoo.com,junmoreno780,admin123,United States,Female,2006-02-21
ava.anderson19@protonmail.com,avaanderson206,admin123,Vietnam,Male,1985-07-24
sofia.williams99@protonmail.com,sofiawilliams103,admin123,Saudi Arabia,Male,1964-04-02
leila.tanaka82@hotmail.com,leilatanaka549,admin123,Iraq,Female,1990-03-21
sofia.okonkwo99@icloud.com,sofiaokonkwo129,admin123,Thailand,Male,1977-01-21
jackson.taylor87@gmail.com,jacksontaylor423,admin123,Austria,Female,1970-04-22
aiden.brown40@protonmail.com,aidenbrown857,admin123,Portugal,Female,1974-09-09
zoe.smith85@gmail.com,zoesmith767,admin123,Pakistan,Male,2005-03-18
ava.taylor86@hotmail.com,avataylor761,admin123,Kenya,Female,1981-08-19
logan.williams65@protonmail.com,loganwilliams752,admin123,Germany,Female,1962-10-26
carlos.muller30@protonmail.com,carlosmuller813,admin123,Portugal,Female,2001-05-16
mia.dubois81@icloud.com,miadubois451,admin123,Ghana,Female,1992-02-07
isabella.hassan9@protonmail.com,isabellahassan666,admin123,Brazil,Male,1965-09-07
emma.taylor39@gmail.com,emmataylor142,admin123,China,Female,1987-10-21
aiden.martin91@outlook.com,aidenmartin928,admin123,UAE,Female,1972-02-09
ali.jackson94@gmail.com,alijackson580,admin123,Colombia,Female,1964-08-16
ava.brown5@outlook.com,avabrown65,admin123,UAE,Male,1984-01-26
jackson.muller14@gmail.com,jacksonmuller680,admin123,South Africa,Female,2003-11-28
mason.patel84@yahoo.com,masonpatel631,admin123,Argentina,Male,1969-08-28
jun.ali93@protonmail.com,junali759,admin123,Brazil,Female,2007-12-09
diego.diallo82@gmail.com,diegodiallo801,admin123,Poland,Male,1961-06-18
ali.hassan60@protonmail.com,alihassan199,admin123,Spain,Male,1961-07-25
